,USGS-01434000,USGS-01438500,USGS-01440000,USGS-01463500
1945-01-01,4500.39642886656,5249.943358156801,90.13252270233602,8834.856136704002
1945-02-01,3348.4671095040003,3596.2395171840008,77.44657542912002,7406.554394603521
1945-03-01,18146.8511384832,21488.239036339204,281.44113827788806,32570.036950118403
1945-04-01,6515.423232353281,7977.138853432321,129.776107931136,13859.114227522561
1945-05-01,8063.222067072001,9976.025054361602,191.67673458124804,17315.751691008
1945-06-01,5354.715690547201,6745.9223636121615,143.538095374848,12127.255889955843
1945-07-01,8088.424060538881,9849.448750095362,178.36781668300804,22280.544403983364
1945-08-01,4495.865733411841,5658.272286013441,174.71494347264002,12335.101543941122
1945-09-01,4238.46559789056,5170.93935616512,120.31828116940802,10527.354057507842
1945-10-01,6043.38139966464,7034.471030384641,72.49112727552001,11611.322945049602
1945-11-01,8159.499345484801,9446.500023091201,111.00203864064002,15298.459539793923
1945-12-01,4523.899411537921,6150.985416714241,138.35611244851202,13427.848653926401
1946-01-01,6212.716142284801,7984.218065080321,165.56860202342403,15566.336908554242
1946-02-01,2440.6290077644803,3195.5561379072005,52.86755258726401,6306.161736038401
1946-03-01,10563.599621145602,12072.321207567362,145.43532409651203,20994.110063308803
1946-04-01,3011.4966350592003,3566.7899967283206,56.010722558976006,7510.477221596161
1946-05-01,8966.5294733568,10136.864743004162,140.87631179520002,17564.656772551683
1946-06-01,5743.505994255361,6705.429272985601,115.19293193625602,15050.970300579842
1946-07-01,2308.6725026457602,2657.5360526592003,32.502076518297606,6921.203644016641
1946-08-01,1927.8109159833602,2188.0427361638403,18.0604847563776,4832.553039390721
1946-09-01,1571.4434016230402,1777.6466785059843,17.652722165452804,3667.5979705958407
1946-10-01,2072.2268336025604,2426.4705844684804,24.293022691276803,5097.315555025921
1946-11-01,1718.8325881344003,1962.9238057574403,17.998187693875202,4035.1506393600007
1946-12-01,1825.5870997862403,2024.9376997939203,18.117118449561602,4080.1744254412806
1947-01-01,5645.812873512961,6228.007239444481,70.42399747430402,10922.657235932162
1947-02-01,3927.5466223104004,5058.804643660801,63.65627113881601,9551.272355481602
1947-03-01,7863.588298598401,9085.460229043201,169.95771324518404,16894.963350650884
1947-04-01,11412.821850439683,13153.741578915842,206.34486111590402,21843.615461068803
1947-05-01,11607.924923458562,13257.947574374402,253.60567807795204,26640.489273753603
1947-06-01,4211.564593628161,5132.428444800001,98.42935875379202,12136.600449331201
1947-07-01,7923.053676441601,8776.806601190401,113.66382222028801,17321.13189186048
1947-08-01,3757.9287112243205,4329.079506984961,40.26655585382401,7965.245777863682
1947-09-01,1651.8915627909123,1987.2762938265603,28.823718145996803,4259.986401300481
1947-10-01,1115.598805185024,1257.862642463232,17.126028818841604,2773.0687867545603
1947-11-01,4832.553039390721,5965.510071536641,147.842256056832,12488.862020935681
1947-12-01,2905.8747972710403,3590.0098109337605,62.46696358195201,7048.629453680641
1948-01-01,1866.0801904128002,2477.7240768,40.18160531404801,5391.8107595827205
1948-02-01,3751.1326680422403,4692.101480294401,123.06501528883202,9401.193068544002
1948-03-01,15155.176296038402,17905.591605519363,262.468851061248,30004.530648883203
1948-04-01,10184.153876812801,11642.754644766721,207.30763390003202,22095.635395737605
1948-05-01,7598.259446031361,9003.341373926402,191.87495250739204,19295.099267788803
1948-06-01,4165.124965217281,5235.218597928961,93.36064321382402,10977.875086786562
1948-07-01,2298.4784378726404,3053.9719049472005,60.31488324096001,6783.300601113601
1948-08-01,1472.6742407101442,1991.2406523494403,33.95189906380801,5026.240270080001
1948-09-01,1015.8385546414081,1231.5279751326723,12.725590858444802,2779.8648299366405
1948-10-01,1076.6065074278401,1338.7921900231681,13.189987142553601,2727.1954952755204
1948-11-01,2442.526236486144,3041.7956609126404,31.284452114841603,5268.3493084416
1948-12-01,5281.658226339841,6053.858632903681,120.40323170918401,9453.579234739202
1949-01-01,10957.770125706242,13212.074282895363,220.16348225280004,28469.757563596802
1949-02-01,6617.080711618561,7746.639722173441,121.76244034560001,15121.196080128002
1949-03-01,5251.642368952321,6308.143915299841,90.98202810009602,11907.233991936002
1949-04-01,5667.050508456961,6760.363955374081,121.56422241945602,13631.729949388802
1949-05-01,5823.359501644801,7102.148293739521,136.996903812096,14074.039093155843
1949-06-01,1877.9732659814404,2308.3893341798403,33.753681137664,4826.6065016064
1949-07-01,941.7900008033281,1126.4441574297603,38.244733007155205,3266.0650859212806
1949-08-01,837.5273716515842,979.8761594695682,16.460582923929604,2370.6863966822402
1949-09-01,793.0982393487361,968.0397175941122,10.301668790169602,2309.52200804352
1949-10-01,919.7028604615681,1083.006114757632,12.988937531750402,2444.3101978214404
1949-11-01,2083.83674070528,2391.0745262284804,16.613493895526403,3959.2614904934408
1949-12-01,5897.54963971584,6580.835147980801,37.545306896332804,9600.260500085762
1950-01-01,6842.199642024961,7831.590261949441,58.191119746560005,12173.978686832641
1950-02-01,3637.2989447424006,4357.396353576961,81.63746872473601,10558.502588759042
1950-03-01,9330.400952064001,10906.516633374722,238.08804614553603,19190.610103864325
1950-04-01,12602.129407303682,13912.916236047362,123.51808483430402,20693.951489433603
1950-05-01,5897.549639715841,7039.001725839361,126.54798741964802,11900.721117219842
1950-06-01,4159.17842743296,5235.784934860801,149.39968261939202,9812.92001799168
1950-07-01,2757.7776895948805,3333.7423492761604,51.73487872358401,6648.5124113356815
1950-08-01,2279.5061506560005,2729.7440114688,22.157932458240005,4314.071578291201
1950-09-01,1965.1891534848003,2429.01910066176,19.954881793382402,4010.5149828249605
1950-10-01,1089.6322568601602,1423.2613434071043,16.146265926758403,2764.0073958451203
1950-11-01,6329.834619789313,7080.061153397761,94.20165355760642,12103.75290728448
1950-12-01,10282.41333448704,11581.590256128002,175.90425102950402,22863.021938380803
1951-01-01,7572.207947166721,8770.860063406082,145.322056710144,16238.862015114242
1951-02-01,9584.403065994242,11106.716738780162,218.32288722432003,21843.615461068803
1951-03-01,10530.752079098882,12292.626274053122,228.14883299174403,20390.961230899204
1951-04-01,10912.463171159041,12795.533469527041,206.06169264998402,25151.023143014405
1951-05-01,2811.5796981196804,3536.4909708748805,74.64320761651202,7490.655428981761
1951-06-01,2218.6249304832004,2861.1341796556803,58.84240721817601,6837.385778104321
1951-07-01,2625.5380160102404,3297.4967856384005,66.346371565056,7317.639496304641
1951-08-01,1820.7732358656003,2279.7893191219205,38.907347217408,6034.3200087552
1951-09-01,1367.958542012928,1550.9136878438403,16.474741347225603,3572.7365345126404
1951-10-01,2445.6977233044486,2922.8649052262404,27.286113376051205,4950.63428967936
1951-11-01,8373.008368788482,9988.201298396161,151.155327108096,20686.02277238784
1951-12-01,6655.025286051841,7966.095283261441,155.54443832985604,16316.167006310403
1952-01-01,8928.3017304576,10311.579686476802,229.05497208268804,21127.199242291204
1952-02-01,6154.383438305281,7366.627640908801,139.29056838604802,15342.633820477442
1952-03-01,9697.670452362241,11052.348393323522,208.04387191142402,21473.231107645443
1952-04-01,12724.458184581123,14957.807875292163,394.34040564019205,30774.748876185604
1952-05-01,7894.170492917761,9565.997115709442,202.55040367257604,19969.040216678404
1952-06-01,3914.520872878081,5249.093852759041,161.60424350054402,11482.481293056002
1952-07-01,4754.341909103617,5502.472996064257,74.89805923584001,10544.34416546304
1952-08-01,1481.6223642332163,1847.5609727416322,37.802990200320004,5536.509845667841
1952-09-01,2008.0042255319042,2611.9459296460805,101.91233088460801,8526.485677317121
1952-10-01,1000.1227047828481,1192.5639942220803,26.476251563520005,3195.2729694412806
1952-11-01,3027.467336537088,4102.969486947841,109.24639415193602,10918.126540477442
1952-12-01,9545.325817697281,11280.299008389122,207.87397083187204,22933.814054860803
1953-01-01,7947.689332976641,9345.692049223682,215.34961833216005,19453.10727177216
1953-02-01,6866.552130094081,8229.158788101122,125.55689778892801,15506.305193779202
1953-03-01,9954.504250951682,12200.030185697282,204.95733563289602,22554.368310528003
1953-04-01,9842.369538447361,11881.182493071361,243.69478177075203,22616.665373030402
1953-05-01,8293.72119833088,9961.300294133762,131.87155457894403,17604.583526246402
1953-06-01,2180.96352451584,2632.9003961241606,40.71962539929601,6137.110161884161
1953-07-01,1159.4332837094403,1402.6183622415363,19.198821989376004,3320.7165998438404
1953-08-01,603.4320008755201,694.4140289756161,11.683530903859202,2137.35558076416
1953-09-01,870.2899631585282,1015.4704356357122,12.4424223925248,2289.4170469632004
1953-10-01,880.8521469373442,1008.8726103797761,22.409952392908803,2114.41893502464
1953-11-01,2498.9617117440002,2839.8965447116807,41.172694944768004,4983.481831726081
1953-12-01,6886.657091174401,7966.378451727362,202.94683952486403,15647.323089807362
1954-01-01,3534.5087916134407,3839.7643978752003,56.577059490816005,6599.241098265601
1954-02-01,7006.720520724481,7698.217914501121,74.84142554265601,11517.311014364162
1954-03-01,6870.233320151041,7819.980354846721,149.51295000576002,15183.493142630403
1954-04-01,6531.280666444801,7206.071120732161,92.45450412288001,11878.350808412162
1954-05-01,7641.017884385281,8640.319400616962,137.39333966438403,14901.457350574083
1954-06-01,2065.515740960256,2295.92992167936,32.84754204672,4325.964653859841
1954-07-01,663.1805471846401,758.4101022735362,17.924563892736003,1825.8702682521603
1954-08-01,516.6974997642241,627.4163699389441,14.922978153984001,1604.4325279027203
1954-09-01,990.9763633336322,1238.1824340817923,24.352488069120003,2968.7381967052806
1954-10-01,844.4083653734401,1021.5585576529921,14.441591761920002,2182.9457037772804
1954-11-01,6103.299847053313,6881.276890321921,91.68994926489601,10845.352244736001
1954-12-01,5704.428745958401,6410.934068428801,105.93332310067201,11504.002096465922
1955-01-01,3838.3485555456004,4353.715163520001,74.41667284377601,9113.210738703361
1955-02-01,3150.8155202918406,3456.0711265536006,72.26459250278401,7041.833410498561
1955-03-01,9386.468308316162,10178.207339028482,161.37770872780803,18405.9502848
1955-04-01,5620.894048512001,6169.674535464961,90.55727540121602,11140.696954690562
1955-05-01,2420.2408782182406,2745.6014455603204,50.82873963264001,5666.767339991041
1955-06-01,2084.40307763712,2220.32394127872,29.930906847744005,4261.968580561921
1955-07-01,1039.1433193866242,1157.705956067328,11.808125028864001,2174.1674813337604
1955-08-01,10911.245546755585,12495.544796731394,338.76576251873286,26589.802118353924
1955-09-01,2579.6647245312006,2876.1421083494406,44.85388500172801,6294.834997401601
1955-10-01,11536.000133114881,13772.181508485122,268.50033938534403,25202.276635345923
1955-11-01,8082.760691220481,9364.66433644032,169.27810892697602,18374.801753548803
1955-12-01,3258.7027058073604,3653.4395472998403,58.55923875225601,6796.326350545921
1956-01-01,3272.2947921715204,3601.9028865024006,48.25190659276801,6017.89623773184
1956-02-01,4195.42399107072,4527.297433128961,112.19134619750402,10798.063110927362
1956-03-01,8374.990548049922,9056.293877053442,137.365022817792,17372.385384192003
1956-04-01,15960.507413114883,17280.072464302084,235.59616364544004,26252.548475443204
1956-05-01,7066.469067033601,8096.919114516481,144.50086815897603,15835.346951178242
1956-06-01,4066.5823390771207,4371.837945338881,56.20894048512001,8621.913450332162
1956-07-01,1796.7039162624003,2103.9417017856003,69.74439315609601,7385.033591193601
1956-08-01,1137.7708960665602,1425.4700574412802,23.842784830464005,3550.9325626368004
1956-09-01,1951.7103345070084,2224.85463673344,43.38140897894401,4768.273797626881
1956-10-01,1738.3712122828802,1885.6188145612803,33.102393666048,4546.836057277441
1956-11-01,2546.5340140185604,2742.4865924352002,52.41448304179201,6958.865049984001
1956-12-01,5984.7655272192005,6514.573726955521,132.494525203968,14196.934207365122
1957-01-01,3942.5545510041607,4288.303247892481,80.39152747468802,8512.893590952961
1957-02-01,3042.0788293785604,3381.0314830848006,93.58717798656002,7915.124959395841
1957-03-01,5200.105708154881,5809.484246814721,111.37015764633601,11740.164597043202
1957-04-01,8418.032154869761,9250.264276208642,231.68843881574404,21457.090505088003
1957-05-01,3496.8473856460805,3655.1385580953606,58.81409037158401,7360.6811031244815
1957-06-01,1674.5450400645122,1757.9098364313602,23.956052216832003,3650.6078626406406
1957-07-01,1324.94525203968,1522.3136727859203,14.888997938073603,2551.6310464051203
1957-08-01,953.3999079060482,1170.9016065792002,8.625311471923201,1771.7850912614404
1957-09-01,1159.2067489367041,1290.3986991974402,9.2992524208128,1915.0683350169604
1957-10-01,1172.6289342213122,1226.7424280586242,14.832364244889602,2089.7832784896004
1957-11-01,1396.0488538321922,1518.0661457971203,26.391301023744003,3317.3185782528008
1957-12-01,7436.570251991041,8154.968650030081,173.01593267712002,17407.781442432002
1958-01-01,4517.103368355841,5103.8284297420805,130.31412801638402,12451.200614968322
1958-02-01,2809.8806873241606,3089.0847947212806,81.01449809971201,8188.665697474561
1958-03-01,6171.656714726401,6815.015469296641,250.97221134489604,18369.138384230402
1958-04-01,17510.005258629124,19156.06355102208,359.53900117862406,33328.928438784
1958-05-01,6910.160073845761,7866.136814791681,196.264063729152,17804.783631651844
1958-06-01,2131.4090429798403,2332.4586537830405,41.76734872320001,5278.826541680641
1958-07-01,1752.2464671129603,1970.0030174054402,27.580608580608004,4097.164533396481
1958-08-01,1470.7770119884801,1592.2562838681602,17.584761733632003,3248.5086410342406
1958-09-01,1640.3949230745602,1827.28611058176,17.624405318860802,3422.6572475750404
1958-10-01,3445.5938933145603,3793.3247694643205,67.932114974208,7228.441429539841
1958-11-01,5190.194811847681,5571.622735441921,80.33489378150401,10277.03313363456
1958-12-01,3655.7048950272006,4010.7981512908805,72.236275656192,8151.004291507201
1959-01-01,4806.218372060161,5204.07006667776,70.65053224704,9207.789006320641
1959-02-01,3649.4751887769607,3970.3050606643205,74.33172230400001,8646.265938401282
1959-03-01,6073.6804255180805,6571.773757071361,122.78184682291202,12942.214734873602
1959-04-01,9280.280133596161,10204.54200635904,174.68662662604802,17448.840869990403
1959-05-01,3107.7739134720005,3333.4591808102405,67.139243269632,7238.352325847041
1959-06-01,1439.3453122713602,1649.7394824499202,36.472098410496,3905.742650434561
1959-07-01,1452.5692796298242,1611.7949080166402,23.219814205440002,3395.4730748467205
1959-08-01,1386.3928091443202,1528.2602105702404,30.100807927296003,3527.1464114995206
1959-09-01,1408.7631179520001,1499.3770270464001,18.236049205248,3614.6454674688007
1959-10-01,3914.804041344001,4146.43584646656,37.689722813952,7049.195790612481
1959-11-01,7261.855308518401,7597.409940633601,76.79528795750402,11362.134695040002
1959-12-01,7615.815890918401,8446.632169927681,146.02997787494402,17028.61886656512
1960-01-01,5498.565271234561,6135.977488020481,140.932945488384,13630.030938593281
1960-02-01,6304.7458937088,6941.025436631041,154.60998239232003,14961.205896883203
1960-03-01,3676.0930245734407,3818.5267629312,98.96737883904001,7708.695147740162
1960-04-01,14167.767855375363,15498.376476733443,231.20705242368004,28270.973300520964
1960-05-01,3861.0020328192004,4328.230001587201,72.151325116416,9899.569568563202
1960-06-01,4725.798527738881,5234.652260997121,55.13290031462401,9168.71175802368
1960-07-01,2419.3913728204802,2637.9974285107205,41.569130797056005,5439.949398789121
1960-08-01,2563.8072904396804,3136.0907600640003,133.65551591424003,6524.484623262721
1960-09-01,7013.233395440641,7787.699149731841,205.21218725222403,16432.2660773376
1960-10-01,2732.8588645939203,3177.7165245542406,75.66261409382402,6691.837186621441
1960-11-01,2154.34568871936,2467.2468435609603,58.21943659315201,5284.489910999041
1960-12-01,1991.8069892812803,2215.2269088921603,52.95250312704001,4397.6062757376
1961-01-01,1463.9809688064001,1649.1731455180802,56.35052471808001,4135.10910782976
1961-02-01,5896.983302784001,6614.249026959361,172.78939790438403,12442.4223925248
1961-03-01,8557.067871636482,9913.161654927362,277.47677975500807,21854.942199705605
1961-04-01,11976.893434552321,13399.248638868483,222.54209736652803,23381.220231014402
1961-05-01,6214.131984614401,7135.279004252161,147.10601804544,14153.043095147523
1961-06-01,2622.4231628851203,2992.2411793766405,62.60854781491201,6054.141801369601
1961-07-01,1492.0146469324802,1704.3909963724802,33.980215910400005,4524.74891693568
1961-08-01,1895.7562456412163,2114.9852719564806,29.194668836352005,4920.618432291841
1961-09-01,1479.8950365911041,1694.1969315993604,17.244959574528004,3572.1701975808005
1961-10-01,1104.3570170880002,1428.0185736345602,14.583175994880001,2548.23302481408
1961-11-01,1806.3316441036802,2064.0149480908804,57.93626812723201,4538.62417176576
1961-12-01,2007.6644233728002,2239.01306002944,58.50260505907201,5560.0128283392005
1962-01-01,5088.5373325824,5576.153430896641,131.02204918118403,11385.071340779521
1962-02-01,1913.3693242214404,2121.7813151385603,55.18953400780801,6448.312305930241
1962-03-01,6665.219350824961,7484.425722731521,224.58091032115203,16981.329732756483
1962-04-01,10728.40366831104,11538.265480842241,163.10503636992001,19914.955039687684
1962-05-01,2416.2765196953605,2590.1419577702404,47.770520200704006,5395.775118105601
1962-06-01,1256.41848328704,1460.5829472153603,23.502982671360005,2893.9817217024006
1962-07-01,973.6464532193281,1299.1769216409602,14.838027614208002,2185.21105150464
1962-08-01,1153.9398154705923,1376.7650813030402,17.244959574528004,2642.5281239654405
1962-09-01,1079.2682910074882,1282.1868136857602,15.800800398336001,2235.0487015065605
1962-10-01,1730.1593267712003,1845.4088924006403,27.297440114688005,3962.942680550401
1962-11-01,3350.4492887654405,3674.9603507097604,80.36321062809601,9223.363271946242
1962-12-01,2598.9201802137604,2995.3560325017606,60.08834846822401,6423.959817861121
1963-01-01,2621.8568259532803,2885.4866677248006,65.15706400819201,5741.806983459841
1963-02-01,2172.75163900416,2423.9220682752,54.19844437708801,4816.97877376512
1963-03-01,9720.607098101762,10625.613515182082,254.65340140185603,20625.991057612802
1963-04-01,6550.536122127361,7319.055338634241,89.59450261708801,12356.056010419203
1963-05-01,3150.5323518259206,3570.4711867852807,72.43449358233602,7098.467103682561
1963-06-01,1765.8385534771203,1983.5951037696002,35.31110770022401,3724.2316637798403
1963-07-01,1422.3552043161603,1698.1612901222402,19.821792614400003,2843.0113978368004
1963-08-01,1337.5745656197123,1567.0542904012802,11.978026108416001,2514.8191458355204
1963-09-01,1070.178583251456,1382.4284506214403,7.713509011660801,2141.88627621888
1963-10-01,1039.9078742446081,1123.4425716910082,8.3987766991872,1853.6207779123204
1963-11-01,1615.4760980736003,1840.5950284800003,28.350826807910405,3434.5503231436805
1963-12-01,3209.4313927372805,3621.4415106508804,39.700218921984,6286.62311188992
1964-01-01,4942.988741099521,5518.953400780801,130.03095955046402,12237.691591664641
1964-02-01,2737.6727285145603,3120.5164944384005,70.02756162201601,7500.566325288961
1964-03-01,10084.478576808962,11106.433570314242,166.956127506432,19155.780382556164
1964-04-01,6075.662604779521,6732.6134457139215,140.11175693721603,14452.918500556803
1964-05-01,3576.4177245696005,3965.2080282777606,94.74816869683201,9412.80297564672
1964-06-01,1569.0364696627203,1692.2147523379203,36.24556363776001,3684.3049100851204
1964-07-01,1383.9858771840002,1484.3690983526403,17.613078580224002,2722.9479682867204
1964-08-01,1185.428148880896,1411.5948026112003,8.976440369664001,2170.2031228108804
1964-09-01,1025.9476688747523,1282.1868136857602,5.9550328382976,1814.2603611494403
1964-10-01,878.5018486702081,1125.5663351854082,9.3813712759296,1888.4504992204802
1964-11-01,750.7645536936961,844.9180686120961,10.392282699264001,1629.6345213696002
1964-12-01,1638.3561101199361,1727.4125926517763,29.138035143168004,3437.9483447347206
1965-01-01,1980.1970821785603,2123.48032593408,34.659820228608005,4336.158718632961
1965-02-01,3536.2078024089606,4049.3090626560006,108.48183929395202,9607.33971173376
1965-03-01,2924.28074755584,3473.9107399065606,73.02914736076801,7929.000214225921
1965-04-01,4268.19828681216,4801.970845071361,73.05746420736001,8353.186576174081
1965-05-01,1707.9872358896641,1944.5178554726403,56.88854480332801,4572.6043876761605
1965-06-01,843.8703452881921,1031.2429191874562,20.104961080320003,2184.92788303872
1965-07-01,613.6826993418241,767.2732752568321,12.224382673766401,1358.9254679500802
1965-08-01,845.7675740098562,910.2733505464321,10.8680057220096,1587.1592514816002
1965-09-01,972.0040761169921,1065.166501404672,10.281846997555201,1773.4841020569602
1965-10-01,1255.738878968832,1380.16310289408,16.112285710848003,3053.1223995494406
1965-11-01,1114.0696954690561,1190.6667655004162,16.0584837023232,2256.8526733824006
1965-12-01,2056.93573644288,2297.0625955430405,34.716453921792,4425.073616931841
1966-01-01,1879.9554452428804,2078.4565398528002,42.16378457548801,4415.72905755648
1966-02-01,2302.1596279296004,2547.1003509504003,94.23846545817601,7194.744382095361
1966-03-01,7332.930593464321,8276.164753443842,157.63988497766402,15574.265625600003
1966-04-01,2961.0926481254405,3368.5720705843205,70.73548278681601,6612.833184629761
1966-05-01,4490.485532559361,5071.830393093121,85.60182724761601,9327.852435870722
1966-06-01,2461.0171373107205,2708.7895449907205,27.410707501056002,5279.676047078401
1966-07-01,1275.0792851911683,1337.5745656197123,11.524956562944002,2241.5615762227203
1966-08-01,1192.5073605288962,1368.100126245888,8.378954906572801,2180.397187584
1966-09-01,1036.623120039936,1279.6382974924802,9.854262614016001,2315.7517142937604
1966-10-01,1305.8596974366721,1461.7156210790401,16.933474262016002,3188.7600947251203
1966-11-01,1651.7216617113602,1800.1019378534404,30.440610086400003,3865.8158967398404
1966-12-01,2560.1261003827203,2820.3579205632004,47.68556966092801,6162.59532381696
1967-01-01,3434.5503231436805,3853.9228211712007,104.88559977676802,8859.491793239042
1967-02-01,2477.44090833408,2886.0530046566405,72.20795880960002,6875.330352537601
1967-03-01,5239.466124917761,6026.108123243521,238.03141245235204,16206.014473067522
1967-04-01,7667.918888647681,8863.456151761922,154.10027915366402,15492.429938949123
1967-05-01,5931.5298556262405,6723.552054804481,137.081854351872,13212.357451361282
1967-06-01,2355.9616364544004,2717.2845989683206,44.117646990336006,5292.418628044801
1967-07-01,1964.0564796211202,2246.0922716774403,38.25605974579201,4931.3788339968005
1967-08-01,2512.2706296422402,2708.5063765248005,108.73669091328001,8868.270015682561
1967-09-01,1700.9929747814404,1649.4563139840002,29.562787842048003,4060.0694643609604
1967-10-01,2082.1377299097603,2149.53182479872,35.877444632064005,4409.2161828403205
1967-11-01,3626.8217115033603,3869.4970867968004,73.312315826688,7567.394083246081
1967-12-01,5612.115826068481,6006.569499095041,135.75096256204802,12904.836497372162
1968-01-01,2592.4073054976,2823.7559421542405,66.82775795712001,5989.0130542080005
1968-02-01,3329.7779907532804,3676.9425299712007,80.24994324172802,8072.849794913282
1968-03-01,7550.687143756801,8047.647801446401,164.69077977907202,14617.722547722242
1968-04-01,4504.927124321281,5139.5076564480005,128.70006776064002,10044.268654648322
1968-05-01,7264.686993177601,8028.958682695681,179.500490546688,13649.003225809922
1968-06-01,7432.322725002241,8253.794444636162,202.46545313280004,17244.11006913024
1968-07-01,2844.4272401664007,3017.4431728435206,78.607566139392,6236.785461888001
1968-08-01,2457.9022841856004,2422.7893944115203,22.398625654272003,3849.3921257164807
1968-09-01,2442.3280185600006,2423.9220682752007,16.537038409728,4007.9664666316808
1968-10-01,2319.4329043507205,2377.4824398643204,14.639809688064002,3871.4792660582407
1968-11-01,4365.325070622721,4639.432145633281,50.630521706496005,8252.09543384064
1968-12-01,3649.192020311041,4238.182429424641,77.50320912230401,9422.430703488002
1969-01-01,3116.5521359155205,3423.5067529728003,48.64834244505601,5905.761525227521
1969-02-01,2309.8051765094406,2627.8033637376,47.85547074048001,5268.632476907521
1969-03-01,4863.418402176001,5494.600912711681,114.06025807257602,10437.306485345282
1969-04-01,6723.835223270401,7825.3605556992015,154.58166554572801,14450.086815897603
1969-05-01,3644.3781563904004,4242.71312487936,79.65528946329601,8559.050050897922
1969-06-01,3040.0966501171206,3414.1621935974404,55.30280139417601,6922.336317880321
1969-07-01,4107.075429703681,4466.982549888001,58.615872445440004,9787.151687592961
1969-08-01,3961.5268382208005,4624.141048473601,116.92025957836802,13600.864586603522
1969-09-01,2189.74174695936,2280.9219929856004,30.695461705728004,4684.739100180481
1969-10-01,2250.3397986662403,2373.5180813414404,28.401797131776004,4225.15667999232
1969-11-01,3555.4632580915204,4018.1605314048006,84.35588599756801,7763.346661662721
1969-12-01,3886.4871947520005,4486.238005570561,110.54896909516802,10518.292666598401
1970-01-01,2539.17163390464,2831.6846592,55.076266621440006,5950.785311308801
1970-02-01,5474.495951631361,5870.082298521601,168.00385083033603,14384.958068736003
1970-03-01,4087.5368055552008,4459.053832842241,119.12897361254402,9950.539892428802
1970-04-01,15235.879308825602,15719.247880151042,266.71637805004804,29712.867128985603
1970-05-01,4581.948947051521,4950.351121213441,85.346975628288,10030.11023135232
1970-06-01,1987.8426307584002,2103.6585333196804,39.44536730265601,4832.553039390721
1970-07-01,2538.3221285068803,2530.67657992704,24.267537529344004,4641.980661826561
1970-08-01,2410.61315037696,2307.5398287820803,18.117118449561602,4133.12692856832
1970-09-01,2399.2864117401605,2331.32597991936,11.893075568640002,3522.0493791129607
1970-10-01,3400.5701072332804,3489.7681739980803,57.05844588288001,7444.215800570881
1970-11-01,3334.8750231398403,4076.2100669184006,147.30423597158403,13496.375422679042
1970-12-01,2200.7853171302404,2757.2113526630405,63.11825105356801,7250.811738347521
1971-01-01,2800.8192964147206,3056.5204211404803,71.04696809932801,6724.6847286681605
1971-02-01,4353.43199505408,4901.6461450752,183.54979960934403,13163.652475223042
1971-03-01,7006.437352258561,8502.699526179842,303.24511015372804,20931.813000806404
1971-04-01,9154.270166261762,10368.213379660801,135.32620986316803,16270.860051763202
1971-05-01,5008.400656727041,5876.028836305921,127.28422543104003,11081.231576847362
1971-06-01,1675.2246443827203,1919.5990304716802,71.41508710502401,6148.7200689868805
1971-07-01,1932.6247799040002,2017.8584881459203,22.002189801984002,3714.6039359385604
1971-08-01,2643.0944608972804,2957.4114580684804,55.04794977484801,7677.829784954881
1971-09-01,1770.3692489318403,2120.9318097408004,62.41032988876801,7899.550693770241
1971-10-01,1868.0623696742402,2192.0070946867204,70.11251216179201,6705.995609917441
1971-11-01,1862.3990003558404,2190.3080838912,96.81529849804801,8440.402463677441
1971-12-01,7663.671361658881,8703.182800051201,169.75949531904,17310.088321689604
1972-01-01,4068.5645183385604,4978.667967805441,116.43887318630402,11439.722854702082
1972-02-01,2545.9676770867204,3166.1066174515204,110.23748378265601,8706.580821642241
1972-03-01,9447.915865420802,10833.176000701442,274.81499617536,22339.160276428804
1972-04-01,11738.748754713602,13291.078284887042,169.22147523379203,20014.347171225603
1972-05-01,7632.239661941761,8630.408504309762,188.19376245043202,16414.143295518723
1972-06-01,10745.960113198082,12913.614719815681,283.67816915865603,28424.450609049603
1972-07-01,5140.640330311681,6234.803282626561,95.11628770252801,13515.347709895683
1972-08-01,1882.2207929702404,2164.8229219584005,25.456845086208002,4271.8794768691205
1972-09-01,1805.7653071718403,2010.4961080320004,14.384958068736001,3444.7443879168004
1972-10-01,1849.0900824576004,2060.90009496576,19.651891534848,3644.9444933222403
1972-11-01,8758.683819371521,9830.476462878722,214.07536023552004,21231.122069283843
1972-12-01,8030.091356559361,9438.571306045442,211.04545765017605,21954.051162777603
1973-01-01,7026.259144872961,8254.643950033922,159.02741046067203,17562.108256358402
1973-02-01,4982.632326328321,5775.220862438401,176.21573634201604,15363.021950023682
1973-03-01,6104.262619837441,7021.728449418241,120.12006324326401,13938.401397980162
1973-04-01,9347.391060019201,10992.033510082561,255.64449103257604,22664.804012236804
1973-05-01,9688.892229918722,11341.180228561921,254.39854978252805,20739.2584439808
1973-06-01,8058.408203151361,9184.00285518336,132.15472304486403,15165.653529277442
1973-07-01,5864.135760737281,6806.520415319041,80.53311170764802,16237.446172784643
1973-08-01,3003.0015810816003,3498.5463964416003,43.15487420620801,8038.586410536961
1973-09-01,1870.6108858675202,2046.1753347379204,22.766744659968005,4709.657925181441
1973-10-01,1813.6940242176001,2023.5218574643202,29.562787842048003,4486.52117403648
1973-11-01,2036.2644384307202,2291.68239469056,37.94457443328,5356.981038274561
1973-12-01,10813.920545018882,12336.517386270722,323.77482393292803,27270.539110425605
1974-01-01,7070.716594022401,8122.687444915201,178.65098514892802,17066.5634409984
1974-02-01,5633.353461012481,6490.504407352321,136.37393318707203,12973.080097658882
1974-03-01,7609.019847736321,8650.796633856002,172.93098213734402,16902.325730764802
1974-04-01,9803.2922901504,11173.261328271361,242.81695952640004,22409.952392908803
1974-05-01,5361.228565263361,6125.500254781441,124.16937230592002,12830.646359301121
1974-06-01,2594.1063162931205,3045.4768509696005,65.15706400819201,6450.860822123521
1974-07-01,2018.1416566118403,2308.1061657139203,32.13962088192,4235.917081697281
1974-08-01,1774.6167759206403,2098.2783324672005,29.392886762496005,5029.071954739201
1974-09-01,3568.4890075238404,3925.2812745830406,66.856074803712,9934.682458337282
1974-10-01,2742.4865924352002,3121.3659998361604,56.831911110144006,7522.653465630721
1974-11-01,3949.6337626521604,4357.67952204288,59.72022946252801,7861.322950871041
1974-12-01,7097.617598284801,8027.826008832001,128.27531506176,17291.965539870722
1975-01-01,6629.540124119041,7560.598040064001,192.15812097331204,16360.907623925763
1975-02-01,7765.045672458241,8670.052089538562,189.97772378572802,17052.121849236482
1975-03-01,8792.380866816002,10045.401328512002,175.90425102950402,20594.842526361605
1975-04-01,6619.346059345921,7515.291085516801,161.66087719372803,15393.037807411203
1975-05-01,6727.799581793281,7525.768318755841,128.55848352768,14783.092931819523
1975-06-01,5004.719466670081,5729.913907891201,71.24518602547201,12542.380860994563
1975-07-01,2204.1833387212805,2545.9676770867204,50.43230378035201,12072.887544499203
1975-08-01,1968.8703435417603,2120.0823043430405,25.655063012352002,5876.028836305921
1975-09-01,4120.101179136001,4403.552813521921,61.90062665011201,10338.76385920512
1975-10-01,6762.062966169601,7317.0731593728015,104.12104491878402,15518.764606279683
1975-11-01,5443.913757312001,6155.232943703041,143.90621438054401,14110.850993725442
1975-12-01,3839.1980609433604,4338.707234826241,93.21905898086402,9193.064246092801
1976-01-01,6911.859084641281,7716.623864785921,185.84346418329602,17358.226960896
1976-02-01,11272.653459809282,12414.105545932802,195.72604364390403,22033.338333235202
1976-03-01,7711.810000865281,8532.998552033281,119.18560730572801,14438.760077260802
1976-04-01,5048.327410421761,5699.048545105921,122.24382673766402,11396.114910950402
1976-05-01,5501.680124359681,6161.745818419201,120.65808332851202,11117.760308951041
1976-06-01,2224.0051313356803,2599.2033486796804,68.583402445824,6362.512260756481
1976-07-01,3524.8810637721604,3922.4495899238404,60.48478432051201,7558.332692336641
1976-08-01,3387.2611893350404,3795.0237802598404,51.39507656448001,7028.807661066241
1976-09-01,1646.9077977907202,1904.8742702438403,21.775655029248004,4077.3427407820805
1976-10-01,7782.602117345281,8724.98677192704,111.85154403840002,15817.507337825282
1976-11-01,4156.9130797056005,4899.663965813761,68.47013505945601,9174.941464273921
1976-12-01,2963.0748273868803,3311.9383774003204,96.70203111168001,6562.995534627841
1977-01-01,1928.3772529152002,2096.8624901376,49.696065768960004,3296.0809433088007
1977-02-01,2361.0586688409603,2568.3379858944004,91.01034494668801,5955.032838297601
1977-03-01,15383.693248035843,17057.21888162304,365.0891031106561,33714.037552435206
1977-04-01,10162.916241868801,11509.382297318401,215.57615310489604,22534.263349447683
1977-05-01,4449.426105000961,5025.390764682241,84.55410392371202,9899.00323163136
1977-06-01,1409.8957918156802,1636.7137330176001,29.053084603392005,3783.9802100889606
1977-07-01,1463.5845329541123,1661.0662210867204,16.565355256320004,3267.7640967168004
1977-08-01,1426.9425334640641,1622.5553097216002,14.441591761920002,3085.4036046643205
1977-09-01,4831.42036552704,5106.093777469441,23.653061958297602,7029.657166464001
1977-10-01,9161.066209443841,9948.274544701442,68.32855082649601,17491.316139878403
1977-11-01,5919.636780057601,6811.334279239681,121.56422241945602,14647.172068177922
1977-12-01,8980.971065118722,10060.126088739842,196.12247949619203,22429.7741855232
1978-01-01,11196.197974010882,12555.123441960961,248.05557614592004,25558.785733939203
1978-02-01,3924.9981061171206,4474.911266933761,85.46024301465602,9791.965551513602
1978-03-01,8153.835976166401,9528.335709742081,274.10707501056004,21988.597715619842
1978-04-01,9981.405255214082,11379.407971461122,128.95491937996803,19710.224238827523
1978-05-01,5947.104121251841,7387.2989389209615,192.86604213811202,18079.45704359424
1978-06-01,2588.4429469747206,3138.0729393254405,93.44559375360001,8214.150859407362
1978-07-01,1528.2602105702401,1798.6860955238403,31.261798637568006,4229.687375447041
1978-08-01,1571.3018173900803,1929.5099267788803,24.635656535040003,5390.961254184961
1978-09-01,1247.49867661056,1510.9869341491203,15.177829773312002,3643.2454825267205
1978-10-01,1552.3295301734402,1772.0682597273603,16.678622642688,3550.9325626368004
1978-11-01,1497.1116793190401,1667.8622642688001,20.699614858752003,3505.9087765555205
1978-12-01,2631.7677222604802,3027.3540691507205,64.61904392294402,7743.524869048321
1979-01-01,9757.41899867136,10905.383959511042,322.472248989696,30676.489418511363
1979-02-01,3555.7464265574404,4070.2635291340807,122.24382673766402,12027.580589952002
1979-03-01,12431.945159285762,13929.056838604802,226.36487165644803,26541.380310681605
1979-04-01,7388.431612784641,8229.441956567041,145.605225176064,15582.760679577603
1979-05-01,7972.324989511681,8610.02037476352,155.79928994918401,17482.537917434882
1979-06-01,3352.1482995609604,3880.5406569676807,83.87449960550401,8952.087881594882
1979-07-01,1419.8066881228801,1667.5790958028804,37.491504887808006,4678.509393930241
1979-08-01,1396.0205369856003,1616.8919404032004,25.400211393024005,3832.4020177612806
1979-09-01,2052.68820945408,2471.2112020838404,84.58242077030401,7697.934746035201
1979-10-01,4235.917081697281,5044.363051898881,155.77097310259202,13597.749733478402
1979-11-01,4672.27968768,5251.925537418241,126.37808634009602,11938.665691653121
1979-12-01,3645.2276617881607,4239.881440220161,100.80797386752002,9928.169583621122
1980-01-01,2128.8605267865605,2412.5953296384005,75.26617824153601,6611.700510766081
1980-02-01,1314.4680188006403,1435.6641222144,37.74635650713601,3428.8869538252807
1980-03-01,7253.643423006721,8434.1727574272,167.40919705190402,17804.500463185923
1980-04-01,9632.258536734722,11060.843447301122,237.80487767961603,22605.338634393604
1980-05-01,3663.6336120729607,4151.816047319041,104.34757969152001,10463.641152675842
1980-06-01,1475.0245389772801,1679.1890029056003,36.302197330944004,4140.48930868224
1980-07-01,1615.1929296076803,1858.1514733670404,30.044174234112003,3518.6513575219205
1980-08-01,1573.8503335833602,1728.1771475097603,13.501472455065601,2807.0490026649604
1980-09-01,1463.1314634086402,1557.4265625600003,9.488975292979202,2532.6587591884804
1980-10-01,1431.4165952256003,1589.9909361408002,20.744921813299204,3082.8550884710403
1980-11-01,1742.3355708057602,1920.4485358694403,34.008532756992004,3386.1285154713605
1980-12-01,1783.1118298982403,1927.2445790515203,30.299025853440003,3321.2829367756804
1981-01-01,1067.5451165184002,1156.7431832832,21.520803409920003,2229.10216372224
1981-02-01,8732.34915204096,9977.157728225282,182.92682898432003,18067.28079955968
1981-03-01,2267.3299066214404,2800.8192964147206,78.83410091212801,6772.823367874561
1981-04-01,2797.9876117555204,3213.9620881920005,74.671524463104,6880.993721856001
1981-05-01,6532.413340308481,7488.9564181862415,225.31714833254404,16433.96508813312
1981-06-01,1616.6087719372802,1899.2109009254402,52.669334661120004,5806.935730621441
1981-07-01,1389.2244938035203,1602.1671801753603,39.61526838220801,4528.146938526721
1981-08-01,1461.4324526131202,1551.7631932416002,12.470739239116801,3093.6154901760005
1981-09-01,1434.8146168166402,1495.1295000576004,10.666956111206401,3028.7699114803204
1981-10-01,1881.6544560384002,2067.1298012160005,16.437929446656003,3949.9169311180804
1981-11-01,2082.98723530752,2387.9596731033603,15.460998239232003,5352.733511285761
1981-12-01,2031.1674060441603,2369.2705543526404,34.320018069504,5876.878341703681
1982-01-01,2768.8212597657603,3270.3126129100806,93.81371275929601,9060.25823557632
1982-02-01,3258.9858742732804,3894.9822487296005,127.96382974924802,10796.080931665922
1982-03-01,6524.484623262721,7413.350437785601,139.29056838604802,14571.282919311363
1982-04-01,10077.116196695042,11314.845561231361,163.98285861427203,21257.456736614404
1982-05-01,2438.6468285030405,2942.9698663065606,85.96994625331202,8162.047861678081
1982-06-01,3432.8513123481603,4155.780405841921,109.52956261785602,11688.344767779841
1982-07-01,1944.8010239385603,2214.9437404262403,64.95884608204801,6516.555906216961
1982-08-01,1453.22056710144,1570.4523119923201,27.325756961280003,4731.461897057281
1982-09-01,1490.0324676710402,1604.4325279027203,17.981197585920004,3763.5920805427204
1982-10-01,1439.9116492032003,1611.7949080166402,16.709771173939203,3676.0930245734403
1982-11-01,1377.8977551667201,1586.8760830156803,46.91251974896641,4357.11318511104
1982-12-01,2201.6348225280003,2483.6706145843204,58.65551603066881,6006.286330629121
1983-01-01,2464.1319904358406,2925.4134214195205,87.70860063406082,7620.346586373121
1983-02-01,4139.35663481856,4833.9688817203205,150.61730702284802,12374.178792238083
1983-03-01,6365.3439454156805,7753.435765355522,275.06984779468803,20393.792915558402
1983-04-01,14651.419595166723,16664.464219392,484.1897598766081,38386.317240115204
1983-05-01,7308.861273861121,8235.671662817282,145.75813614766082,16403.949230745602
1983-06-01,3795.5901171916803,4503.794450457601,100.34357758341122,10537.264953815042
1983-07-01,1845.6920608665603,2069.9614858752,30.871026154598404,4791.776780298241
1983-08-01,1517.4998088652803,1706.6563440998402,20.642981165568003,3405.1008026880004
1983-09-01,1397.7195477811201,1487.2007830118403,11.041021654686721,2811.5796981196804
1983-10-01,1357.2264571545602,1514.9512926720001,18.277108632806403,3537.9068132044804
1983-11-01,1997.7535270656003,2314.0527034982406,67.88397633500162,6941.591773562881
1983-12-01,8461.0737616896,9321.622729620482,218.63437253683205,24414.785131622404
1984-01-01,2209.8467080396804,2542.8528239616003,74.02306867614722,7093.936408227841
1984-02-01,7052.310643737601,8183.568665088002,172.87434844416003,17151.5139807744
1984-03-01,4265.08343368704,5193.026496506881,162.70860051763202,12940.232555612161
1984-04-01,11959.053821199363,14570.150245447681,307.94570668800003,29647.738381824005
1984-05-01,11119.742488212481,12336.517386270722,255.61617418598405,23485.992563404805
1984-06-01,5360.3790598656005,6124.367580917761,108.52148287918081,15654.119132989443
1984-07-01,3989.843684812801,4569.206366085121,134.26432811596803,13989.654890311682
1984-08-01,1822.4722466611204,2054.1040517836805,42.19493310673921,5170.93935616512
1984-09-01,1367.4205219276803,1511.8364395468802,17.477157716582404,3115.4194620518406
1984-10-01,1492.6376175575042,1608.3968864256003,14.993770270464003,3302.0274810931205
1984-11-01,1594.2384631296002,1678.6226659737604,16.205731304601603,3127.3125376204803
1984-12-01,3195.5561379072005,3456.9206319513605,58.89904091136001,6544.023247411201
1985-01-01,2113.8525980928002,2308.95567111168,46.19327184552961,5383.032537139201
1985-02-01,2148.9654878668803,2403.2507702630405,58.97832808181761,5500.830618961921
1985-03-01,4169.6556606720005,4668.59849762304,71.93328539765761,8733.198657438721
1985-04-01,2509.1557765171206,2821.7737628928003,59.41723920399361,5800.706024371201
1985-05-01,1969.4366804736003,2412.5953296384005,99.18541855779841,6975.288821007361
1985-06-01,1595.9374739251202,1844.5593870028804,91.59367198648322,5286.188921794561
1985-07-01,1604.4325279027203,1826.1534367180802,40.81307099304961,4239.598271754241
1985-08-01,1256.1353148211201,1411.3116341452803,28.733104236902406,3244.2611140454405
1985-09-01,3679.4060956247044,3900.645618048001,51.664086607104004,7649.512938362881
1985-10-01,3358.3780058112006,3805.2178450329607,51.29879928606721,8521.954981862402
1985-11-01,6177.886420976641,6872.781836344321,139.26791490877443,15058.899017625603
1985-12-01,5266.650297646081,6155.232943703041,144.18088779248643,14375.330340894723
1986-01-01,3219.6254575104003,4103.6774081126405,114.71437722885122,9663.123899520002
1986-02-01,3598.2216964454406,4541.172687959041,135.2667444853248,12402.495638830082
1986-03-01,14078.569788610563,15594.370586680323,231.25235937822723,26029.978061230086
1986-04-01,5484.690016404481,6372.423157063681,172.86019002086402,15065.128723875841
1986-05-01,4487.653847900161,5097.881891957761,91.28785004328961,10024.446862033921
1986-06-01,6085.007164154881,6703.730262190081,69.73306641745921,10871.686912066561
1986-07-01,2297.6289324748805,2630.3518799308804,34.240730899046405,4969.32340843008
1986-08-01,2627.8033637376,2972.98572369408,55.85497990272001,6644.264884346881
1986-09-01,1396.8700423833602,1589.1414307430402,14.733255281817602,3091.3501424486403
1986-10-01,1708.0721864294403,1917.9000196761604,18.292682898432002,3567.6395021260805
1986-11-01,5898.399145113601,6274.446867855361,84.41251969075202,11686.362588518401
1986-12-01,5195.858181166081,6009.118015288321,130.20086063001602,15172.166403993602
1987-01-01,3349.0334464358407,3842.0297456025605,88.94321514547201,8986.068097505282
1987-02-01,1788.2088622848003,2033.1495853056003,51.48002710425601,5063.052170649601
1987-03-01,6149.28640591872,6885.241248844801,165.48365148364803,13793.985480360961
1987-04-01,11511.081308113922,13127.406911585282,232.25477574758403,25029.260702668806
1987-05-01,1860.9831580262403,2275.5417921331205,83.67628167936002,6627.274776391681
1987-06-01,1734.9731906918403,1941.6861708134404,29.761005768192003,4045.3447041331206
1987-07-01,2543.41916089344,2748.9994671513605,41.002793865216006,6025.824954777601
1987-08-01,1737.5217068851202,1832.6663114342402,20.812882245120004,3778.3168407705607
1987-09-01,6734.878793441281,7176.904768742401,95.62599094118401,18377.350269742084
1987-10-01,3500.8117441689606,3943.4040564019206,80.02340846899202,8131.748835824641
1987-11-01,3114.0036197222403,3632.4850808217607,132.94759474944001,8861.19080403456
1987-12-01,3823.0574583859207,4432.71916551168,139.31888523264,11035.641453834241
1988-01-01,2053.25454638592,2474.8923921408004,65.10043031500801,6045.080410460161
1988-02-01,4091.5011640780804,4737.408434841601,130.51234594252801,11497.489221749762
1988-03-01,6208.751783761921,6858.340244582401,149.59790054553602,13878.936020136962
1988-04-01,3253.6056734208005,3734.7088970188806,74.38835599718401,7703.314946887681
1988-05-01,5057.105632865281,5741.806983459841,142.80185736345604,14594.502733516802
1988-06-01,2068.2624750796804,2344.91806628352,44.514082842624006,5741.240646528001
1988-07-01,1908.8386287667204,2182.6625353113604,29.534470995456005,5643.830694251521
1988-08-01,1756.2108256358404,1877.1237605836802,28.373480285184005,3949.6337626521604
1988-09-01,1390.6403361331202,1619.1572881305603,33.074076819456,4504.07761892352
1988-10-01,1412.7274764748802,1552.3295301734402,18.943970370048003,3308.2571873433603
1988-11-01,3244.8274509772805,3734.1425600870407,83.44974690662401,8873.367048069122
1988-12-01,1805.1989702400003,2067.9793066137604,53.745374831616004,5351.600837422081
1989-01-01,1591.6899469363202,1760.1751841587202,46.35467787110401,4535.792487106561
1989-02-01,1951.3138986547203,2211.5457188352,50.092501621248005,5155.931427471361
1989-03-01,2987.1441469900806,3358.6611742771206,73.90696960512001,7703.881283819521
1989-04-01,4344.087435678721,5109.491799060481,94.94638662297601,10764.932400414722
1989-05-01,11043.003833948162,12682.266083159042,326.80472651827205,27818.470091980806
1989-06-01,5669.032687718401,6448.878642862081,149.42799946598402,14997.734628986882
1989-07-01,2500.09438560768,2802.5183072102404,52.32953250201601,7370.025662499841
1989-08-01,1586.8760830156803,1861.2663264921603,33.612096904704,4738.25794023936
1989-09-01,1978.2149029171203,2417.9755304908804,129.606206851584,8014.233922467842
1989-10-01,4482.27364704768,5318.186958443521,222.40051313356804,13583.308141716481
1989-11-01,4003.4357711769608,4607.434108984321,107.83055182233602,10158.385546414082
1989-12-01,1804.0662963763202,2052.97137792,53.66042429184001,4780.166873195521
1990-01-01,4078.7585831116808,4626.9727331328,163.64305645516802,11151.457356395522
1990-02-01,8834.006631306242,9699.369463157762,170.977119722496,18309.673006387202
1990-03-01,6221.777533194241,6976.987831802881,133.344030601728,12497.357074913281
1990-04-01,5823.642670110721,6523.635117864961,125.07551139686402,12816.487936005122
1990-05-01,7767.027851719681,8691.289724482562,180.32167909785602,19337.008200744964
1990-06-01,2199.3694748006405,2671.97764442112,78.49429875302401,8357.7172716288
1990-07-01,2336.9893492377605,2685.28656231936,62.04221088307201,6524.201454796801
1990-08-01,2728.6113376051203,3116.5521359155205,133.08917898240003,7997.810151444482
1990-09-01,1540.7196230707202,1775.1831128524802,52.386166195200005,4703.994555863041
1990-10-01,3322.4156106393602,3685.7207524147207,103.01668790169602,8617.099586411521
1990-11-01,5362.927576058881,6024.975449379841,146.70958219315202,12275.352997632002
1990-12-01,7375.972200284161,8271.917226455042,260.31677072025605,18524.8810404864
1991-01-01,5123.650222356481,5885.939732613121,143.56641222144003,14033.262834063362
1991-02-01,5084.289805593601,5732.179255618561,112.33293043046402,11068.488995880962
1991-03-01,6811.334279239681,7730.215951150081,188.27871299020802,15945.216315955202
1991-04-01,4499.83009193472,5129.030423208961,143.59472906803202,11018.085008947202
1991-05-01,2746.4509509580803,3180.8313776793602,89.424601537536,7563.712893189121
1991-06-01,1420.0898565888003,1646.3414608588803,30.440610086400007,3573.3028714444804
1991-07-01,1545.8166554572801,1612.9275818803203,14.045155909632001,3024.8055529574403
1991-08-01,1378.6906268712962,1545.5334869913602,10.766065074278401,2789.7757262438404
1991-09-01,1385.5433037465602,1503.6245540352002,9.231291988992002,2754.0964995379204
1991-10-01,1324.0674297953283,1522.8800097177602,26.334667330560002,3280.2235092172805
1991-11-01,2487.0120024821763,2702.6164724336645,54.87804869529601,5148.5690473574405
1991-12-01,3390.0928739942406,3811.4475512832005,87.92380866816002,8420.297502597121
1992-01-01,3051.4233887539203,3308.8235242752003,73.227365286912,6629.256955653121
1992-02-01,2288.5675415654405,2398.15373787648,64.90221238886402,5195.291844234241
1992-03-01,4732.3114024550405,5375.103820093441,145.80344310220804,11675.602186813441
1992-04-01,5838.650598804481,6470.399446272001,131.560069266432,11751.491335680003
1992-05-01,2995.9223694336006,3305.4255026841606,91.54836503193602,8065.770583265281
1992-06-01,4226.572522321921,5139.790824913921,161.34939188121604,12516.046193664002
1992-07-01,1960.6584580300803,2310.0883449753605,51.53666079744001,5161.028459857921
1992-08-01,1928.0940844492802,2216.07641428992,54.000226450944005,4628.671743928321
1992-09-01,1454.6364094310402,1560.8245841510402,26.731103182848003,3595.3900117862404
1992-10-01,1786.7930199552002,1921.2980412672002,25.088726080512004,4353.148826588161
1992-11-01,4204.202213514241,4704.844061260801,121.39432133990401,11974.344918359042
1992-12-01,3638.9979555379205,4292.550774881281,154.66661608550402,11660.877426585601
1993-01-01,5631.37128175104,6540.342057354241,213.70724122982404,14167.201518443522
1993-02-01,2099.4110063308804,2433.8329645824,74.61489076992001,5932.0961925580805
1993-03-01,5987.314043412481,6632.08864031232,241.20289927065605,16422.92151796224
1993-04-01,20093.634341683202,22594.011895756805,342.40730899046406,41727.70513797121
1993-05-01,3500.8117441689606,4068.2813498726405,87.61232335564802,9815.751702650881
1993-06-01,1426.6027313049601,1614.9097611417603,29.053084603392005,3910.273345889281
1993-07-01,1459.4502733516802,1553.7453725030402,13.507135824384001,3070.9620129024006
1993-08-01,1575.8325128448002,1619.4404565964803,11.057728594176002,3139.2056131891204
1993-09-01,1423.2047097139202,1592.5394523340801,20.509891986585604,3529.1285907609604
1993-10-01,1457.4680940902401,1655.4028517683203,39.07724829696001,4852.65800047104
1993-11-01,4615.362826030081,5070.131382297601,71.98142403686401,10023.880525102082
1993-12-01,5961.545713013761,6897.134324413441,157.130181739008,17850.940091596804
1994-01-01,2314.05270349824,2764.5737327769602,80.249943241728,6502.6806513868805
1994-02-01,2826.0212898816003,3448.9919149056004,127.28422543104001,9679.547670543361
1994-03-01,8521.388644930561,10315.827213465602,334.9599783367681,27470.172878899204
1994-04-01,15952.861864535042,18171.203626552324,267.22608128870405,33108.05703536641
1994-05-01,3513.2711566694406,4235.067576299521,118.90243883980801,9751.472460887042
1994-06-01,1964.0564796211204,2308.95567111168,81.55251818496001,5430.604839413761
1994-07-01,2218.3417620172804,2470.3616966860804,48.50675821209601,6171.656714726401
1994-08-01,3954.4476265728003,4453.3904635238405,114.56996131123202,9556.086219402241
1994-09-01,2042.7773131468803,2531.8092537907205,69.999244775424,6168.825030067201
1994-10-01,1770.9355858636802,2129.7100321843204,60.56973486028801,5716.604989992961
1994-11-01,2768.8212597657603,3084.8372677324805,86.62123372492802,6922.336317880321
1994-12-01,5305.1612090112,6161.462649953281,145.038888244224,13855.999374397443
1995-01-01,5736.426782607361,6593.577728947201,151.35354503424003,14083.666820997121
1995-02-01,2399.8527486720004,3076.6253822208005,69.63112576972802,6690.421344291841
1995-03-01,6640.300525824001,7587.215875860481,168.20206875648003,15434.663571901443
1995-04-01,3513.2711566694406,4114.154641351681,85.37529247488001,7317.356327838721
1995-05-01,1659.0840418252803,2182.6625353113604,62.636864661504006,4454.239968921601
1995-06-01,1385.5433037465602,1629.0681844377602,32.05467034214401,3634.1840916172805
1995-07-01,1775.7494497843202,1922.7138835968003,22.115457188352003,4777.61835700224
1995-08-01,1519.1988196608002,1656.2523571660802,8.160915187814402,2880.10646687232
1995-09-01,1339.6700122675202,1477.8562236364803,7.065053224704001,2523.3141998131205
1995-10-01,3434.5786399902727,3937.7406870835202,86.01525320785922,9746.092260034562
1995-11-01,5791.927801927681,6850.977864468481,170.15593117132804,15379.162552581123
1995-12-01,2736.2568861849604,3361.2096904704003,66.03488625254401,6658.706476108801
1996-01-01,11394.982237086722,13694.027011891201,306.41659697203204,28242.656453928965
1996-02-01,6559.597513036801,7464.320761651201,157.18681543219202,16502.49185688576
1996-03-01,6180.1517687040005,7102.714630671361,137.280072278016,15899.909361408003
1996-04-01,8787.567002895361,9914.860665722881,220.70150233804804,20634.486111590402
1996-05-01,9820.848735037442,11191.667278556162,211.47021034905603,20780.317871539202
1996-06-01,3161.0095850649604,3714.6039359385604,54.396662303232006,7469.134625571841
1996-07-01,4956.58082746368,5665.9178345932805,107.20758119731201,11915.162708981761
1996-08-01,2094.3139739443204,2411.4626557747206,39.87012000153601,5281.65822633984
1996-09-01,2119.7991358771205,2638.2805969766405,49.526164689408006,4470.097403013121
1996-10-01,3956.1466373683206,4750.43418427392,170.15593117132804,13629.464601661442
1996-11-01,8675.432290391042,9399.494057748481,161.57592665395202,17710.771700966405
1996-12-01,15172.166403993602,16529.676029614082,362.03088367872004,37624.59406679041
1997-01-01,4727.780707000321,5271.180993100801,110.32243432243202,12711.432435148801
1997-02-01,3926.6971169126405,4344.936941076481,110.52065224857601,10643.453128535042
1997-03-01,7232.122619596801,8019.047786388482,138.75254830080002,16049.988648345603
1997-04-01,7464.320761651201,8532.715383567362,180.97296656947202,16559.125550069763
1997-05-01,5299.497839692801,5919.353611591681,90.41569116825602,10781.639339904
1997-06-01,1727.6108105779203,1914.7851665510402,37.349920654848006,4882.107520926721
1997-07-01,1492.5809838643202,1653.4206725068802,16.310503636992003,3643.2454825267205
1997-08-01,1480.1215713638403,1681.7375190988803,20.257872051916802,3354.1304788224006
1997-09-01,1479.83840289792,1730.4424952371203,22.511893040640004,4089.2358163507206
1997-10-01,1460.5829472153603,1595.6543054592003,11.895907253299201,2814.1282143129606
1997-11-01,1787.0761884211204,2175.0169867315203,35.02793923430401,4540.606351027201
1997-12-01,2455.0705995264,2892.2827109068803,50.234085854208004,6292.852818140161
1998-01-01,7792.796182118401,8670.052089538562,128.13373082880003,17440.912152944642
1998-02-01,4032.8852916326405,4857.755032857601,159.90523270502402,13224.250526929922
1998-03-01,10327.437120568322,11208.091049579521,222.23061205401604,22571.358418483203
1998-04-01,8640.319400616962,9452.446560875522,199.66208532019203,19314.9210604032
1998-05-01,7633.372335805441,8898.285873070081,240.41002756608003,19994.242210145283
1998-06-01,6303.046882913281,7610.718858531841,148.01215713638402,13060.012816696322
1998-07-01,4913.539220643841,5321.868148500481,36.047345711616,7688.023849728002
1998-08-01,1513.8186188083203,1717.4167458048003,14.498225455104002,2889.4510262476806
1998-09-01,1445.5750185216002,1570.7354804582403,10.2195499350528,2556.72807879168
1998-10-01,1456.6185886924802,1606.6978756300803,11.207807881113602,3446.4433987123207
1998-11-01,1379.5967659622402,1526.2780313088,12.714264119808002,2602.0350333388806
1998-12-01,1294.3630577203203,1461.9987895449601,14.668126534656002,2478.2904137318405
1999-01-01,4703.71138739712,5236.634440258561,93.75707906611201,13233.878254771202
1999-02-01,3383.0136623462404,4505.776629719041,110.23748378265601,10876.783944453122
1999-03-01,5339.1414249216,6444.347947407361,155.48780463667202,14259.231269867521
1999-04-01,3953.3149527091205,4340.12307715584,92.05806827059202,9497.470346956801
1999-05-01,2459.60129498112,2803.9341495398403,69.31964045721601,6117.8547062016005
1999-06-01,1485.5017722163202,1655.6860202342402,25.740013552128005,3128.7283799500806
1999-07-01,1635.8642276198402,1710.3375341568003,9.707015011737601,2387.3933361715203
1999-08-01,1624.8206574489602,1734.9731906918403,7.869251667916801,2681.8885407283205
1999-09-01,2583.9122515200006,3304.5759972864003,130.95975211868162,9383.91979212288
1999-10-01,2376.3497660006406,2888.0351839180803,58.75745667840001,7342.558321305602
1999-11-01,2270.7279282124805,2870.7619074969607,50.54557116672001,6579.985642583041
1999-12-01,3091.9164793804803,3605.5840765593607,74.529940230144,9068.75328955392
2000-01-01,2540.0211393024006,3107.4907450060805,71.52835449139201,6734.312456509441
2000-02-01,4761.194585978881,5667.050508456961,121.87570773196802,8973.608685004801
2000-03-01,9805.840806343682,11528.920921466883,208.07218875801604,22291.021637222402
2000-04-01,8941.610648355841,9885.694313733122,171.71335773388802,17598.920156928
2000-05-01,8424.545029585921,9278.864291266562,96.39054579916801,15748.697400606723
2000-06-01,7095.069082091521,8115.608233267201,146.624631653376,14667.277029258243
2000-07-01,2455.35376799232,3030.7520907417606,69.60280892313601,6355.716217574401
2000-08-01,2583.9122515200006,3228.9700168857607,99.76025054361601,8155.818155427841
2000-09-01,2088.9337730918405,2393.62304242176,35.056256080896006,4403.835981987841
2000-10-01,2167.6546066176,2329.6269691238404,25.796647245312005,3814.5624044083206
2000-11-01,1910.8208080281604,2197.3872955392003,33.300611592192006,3723.3821583820804
2000-12-01,5304.02853514752,5821.3773223833605,137.365022817792,11752.057672611842
2001-01-01,2047.3080086016002,2381.1636299212805,67.422411735552,5738.408961868801
2001-02-01,2633.4667330560005,2978.6490930124805,91.71826611148802,8117.024075596801
2001-03-01,5358.396880604161,6130.880455633921,219.73872955392005,14576.096783232002
2001-04-01,11040.172149288961,12377.576813829122,157.30008281856,21207.61908661248
2001-05-01,1813.1276872857602,2296.21309014528,81.66578557132802,5956.731849093121
2001-06-01,2754.0964995379204,3179.6987038156803,73.25568213350401,8159.216177018881
2001-07-01,1609.2463918233602,1703.2583225088003,27.920410739712004,3955.0139635046407
2001-08-01,1566.2047850035203,1620.5731304601602,12.940798892544002,3330.6274961510403
2001-09-01,1524.0126835814403,1624.2543205171203,16.038661909708804,3399.4374333696005
2001-10-01,1503.3413855692802,1574.6998389811201,9.902401253222402,2833.3836699955204
2001-11-01,1219.0402457856003,1347.5987293132803,9.268953394959361,2420.5240466841606
2001-12-01,1626.0949155456003,1849.3732509235203,21.319753799116803,3979.6496200396805
2002-01-01,1167.64516922112,1392.169445849088,20.631654426931203,3017.1600043776007
2002-02-01,2780.4311668684804,3029.0530799462404,25.564449103257605,5328.947360148481
2002-03-01,3168.3719651788806,3481.5562884864007,54.41082072652801,7454.409865344001
2002-04-01,4055.5387689062404,4510.024156707841,85.90481750615041,9413.65248104448
2002-05-01,7422.694997160961,8260.024150886402,158.3364794038272,17768.821236480002
2002-06-01,5496.299923507201,6090.387365007361,100.94106304650242,11936.400343925761
2002-07-01,1643.5097761996803,1825.8702682521603,27.549460049356803,3567.6395021260805
2002-08-01,1401.6839063040002,1545.5334869913602,13.895076622694402,2855.4708103372805
2002-09-01,1428.5849105664001,1588.8582622771203,13.194517838008322,3088.5184577894406
2002-10-01,4283.489383971841,4821.22630075392,70.76096794874881,10775.409633653762
2002-11-01,4773.37083001344,5476.194962426881,103.04217306362881,12682.832420090881
2002-12-01,4308.12504050688,5377.652336286721,131.61953464427523,14173.997561625602
2003-01-01,4708.525251317761,5365.476092252161,126.60745279749122,13266.442628352002
2003-02-01,2964.7738381824006,3034.1501123328003,70.81193827261441,8079.645838095361
2003-03-01,11649.267519482883,13056.61479510528,243.49656384460803,25731.518498150406
2003-04-01,7216.548353971201,8281.828122762241,133.91036753356804,16865.513830195203
2003-05-01,4174.186356126721,4657.2717589862405,82.8182812276224,9237.804863708161
2003-06-01,8577.456001182722,9543.060469969922,326.2100727398401,26501.736725452804
2003-07-01,2780.9975038003204,2977.5164191488,62.23476543989761,8096.635946050561
2003-08-01,4175.60219845632,4305.293355847681,82.53228107704321,11706.184381132802
2003-09-01,10479.781755233282,10804.575985643522,83.5233707077632,19703.994532577282
2003-10-01,8921.505687275521,9684.644702929922,154.50521005992962,18924.714914365442
2003-11-01,9978.290402088962,11050.649382528001,181.45718464619523,22203.239412787203
2003-12-01,12623.933379179522,14381.276878679042,295.429660494336,31171.184728473603
2004-01-01,5671.014866979841,6427.924176384001,122.98006474905601,14064.977702246402
2004-02-01,1759.0425102950403,2148.3991509350403,61.46171552793601,7059.106686919681
2004-03-01,6314.656790016001,7060.805697715201,126.51117551907842,13733.670597120003
2004-04-01,5561.145502202881,6327.116202516481,149.35720734950402,13517.329889157123
2004-05-01,5451.842474357761,6005.719993697281,120.21350883701761,12929.755322373121
2004-06-01,2349.44876173824,2541.4369816320004,51.43188846504961,5988.729885742081
2004-07-01,2889.1678577817606,3038.6808077875203,29.220153998284804,7189.930518174721
2004-08-01,6686.740154234881,7191.629528970241,76.68202057113601,14056.482648268802
2004-09-01,12843.105771801602,14615.740368460802,227.67027828433925,27666.974962713604
2004-10-01,5242.580978042881,5791.644633461761,97.18058581908481,13174.412876928001
2004-11-01,4312.655735961601,4631.503428587521,77.50037743764481,10563.599621145602
2004-12-01,10291.191556930562,11464.641679703042,168.8307027508224,24216.567205478405
2005-01-01,10228.328157496322,11138.714775429122,229.08328892928003,24049.497810585603
2005-02-01,4329.645843916801,5079.475941672961,126.43472003328002,11663.709111244802
2005-03-01,7219.946375562241,8178.188464235522,177.14452891023362,16155.327317667841
2005-04-01,17445.44284839936,20370.573101352962,279.62886009600004,37398.05929405441
2005-05-01,2935.0411492608005,3351.8651310950404,75.73623789496321,8237.653842078722
2005-06-01,1614.0602557440002,1880.8049506406403,35.8604545241088,4434.984513239041
2005-07-01,1631.3335321651202,1835.2148276275202,31.074907450060802,4416.295394488321
2005-08-01,1512.1196080128002,1646.9077977907202,13.317412952217602,3026.5045637529606
2005-09-01,1330.3254528921602,1475.5908759091203,9.237521695242242,2563.2409535078405
2005-10-01,7293.003839769601,8961.14927250432,326.23017770092036,20611.8326343168
2005-11-01,4510.590493639681,4994.24223343104,113.47693103278081,10499.886716313602
2005-12-01,5432.587018675201,6382.900390302721,170.46741648384003,15297.610034396163
2006-01-01,12277.33517689344,14098.391581224962,293.92886762496005,27892.093893120003
2006-02-01,6849.845190604801,7858.774434677761,155.2442797559808,16188.458028180483
2006-03-01,2632.6172276582406,2967.8886913075203,69.46122469017601,6784.150106511361
2006-04-01,4048.7427257241607,4471.230076876801,118.52582478013441,9046.38298074624
2006-05-01,4164.841796751361,4893.434259563521,110.46968192471041,9892.490356915201
2006-06-01,15480.253694914561,17097.42880378368,209.53616972682244,25518.858980244484
2006-07-01,6055.274475233281,6604.621299118081,98.99003231631362,17354.545770839042
2006-08-01,1996.9040216678404,2423.0725628774403,44.62735022899201,4954.032311270401
2006-09-01,4033.7347970304004,4743.07180416,69.42158110494721,10458.827288755201
2006-10-01,5968.341756195841,6658.989644574721,111.15778129689602,13288.812937159682
2006-11-01,9497.470346956801,10690.17592541184,187.88227713792003,22401.457338931203
2006-12-01,4837.933240243201,5489.503880325121,104.86011461483521,11981.707298472962
2007-01-01,7792.796182118401,8677.131301186562,136.12757662172163,16771.78506797568
2007-02-01,2374.0844182732803,2615.34395123712,49.41572898769921,5429.188997084161
2007-03-01,9629.99318900736,11012.70480809472,190.98580352440322,21102.846754222082
2007-04-01,13180.359414712322,15174.148583255042,324.93581464320005,29735.520606259204
2007-05-01,2754.6628364697604,3155.6293842124805,69.71890799416322,8262.572667079681
2007-06-01,1523.7295151155201,1891.2821838796804,37.44053456394241,4781.582715525121
2007-07-01,1740.6365600102404,2077.8902029209603,38.6298421208064,4466.416212956161
2007-08-01,1858.7178102988803,2178.9813452544004,51.07792788264961,5574.171251635201
2007-09-01,1383.8442929510402,1583.4780614246401,17.774484605798403,3280.7898461491204
2007-10-01,2807.0490026649604,3140.6214555187203,72.78279079541761,6908.177894584321
2007-11-01,5206.61858287104,5804.670382894081,112.26496999864321,11464.924848168961
2007-12-01,6498.716292864001,7404.005878410241,178.42445037619203,16194.404565964802
2008-01-01,8379.521243504641,9447.066360023042,154.30699213378563,16902.325730764802
2008-02-01,11185.154403840002,12673.487860715522,299.11085055129604,25983.538432819205
2008-03-01,17670.844947271682,20135.82644310528,379.3607937930241,36421.12808663041
2008-04-01,7326.984055680001,8177.622127303681,111.48342503270402,14586.857184936962
2008-05-01,2795.4390955622403,3403.1186234265606,102.43336086190081,9187.400876774402
2008-06-01,1703.5414909747203,2026.0703736576004,39.527486157772806,4985.464010987521
2008-07-01,2888.6015208499207,3219.0591205785604,26.493241671475204,5421.826616970241
2008-08-01,1718.5494196684801,1942.5356762112003,26.966133009561606,3757.6455427584006
2008-09-01,1388.6581568716801,1583.7612298905601,38.876198686156805,3778.8831777024006
2008-10-01,2318.30023048704,2683.0212145920004,82.62289498613761,6218.096343137281
2008-11-01,3138.9224447232004,3725.9306745753606,96.71618953497601,8616.816417945602
2008-12-01,9631.125862871042,11000.528564060161,261.54572186234884,23442.101451187205
2009-01-01,5070.131382297601,5753.416890562561,104.83746113756162,11878.917145344001
2009-02-01,3523.4652214425605,4306.709198177281,84.64188614814721,8371.026189527041
2009-03-01,7695.386229841921,8516.008444078081,78.38386305131522,12627.614569236483
2009-04-01,3880.5406569676807,4592.992517222401,96.35939726791682,9910.613138734081
2009-05-01,4538.62417176576,5093.91753343488,76.22328765634562,10759.269031096323
2009-06-01,7446.197979832321,8540.92726907904,159.21146996352002,17256.569481630722
2009-07-01,3700.7286811084805,4159.461595898881,92.03541479331841,8768.59471567872
2009-08-01,7659.423834670081,8511.194580157442,86.78830311982081,15914.067784704002
2009-09-01,2058.6347472384005,2321.1319151462403,29.024767756800003,5879.993194828801
2009-10-01,3145.4353194393607,3473.9107399065606,47.74220335411201,8350.07172304896
2009-11-01,3653.7227157657603,4269.33096067584,58.59321896816641,9552.688197811201
2009-12-01,5454.957327482881,6495.601439738881,214.70682591452163,17502.359710049284
2010-01-01,6429.623187179521,7062.221540044801,139.19995447695362,15002.265324441601
2010-02-01,3204.9006972825605,3827.8713223065606,74.70267299435521,9008.15523784704
2010-03-01,12278.184682291201,14574.680940902403,396.32258490163207,28880.351839180803
2010-04-01,6505.795504512001,7704.447620751361,174.5818542936576,17359.359634759683
2010-05-01,2716.7182620364806,3220.4749629081607,84.66170794076162,8583.40253896704
2010-06-01,2071.6604966707205,2435.5319753779204,35.874612947404806,4687.853953305601
2010-07-01,1492.8641523302404,1688.8167307468802,18.966623847321603,3458.0533058150404
2010-08-01,1963.7733111552004,2167.93777508352,15.126859449446403,3313.0710512640003
2010-09-01,1348.4482347110402,1586.3097460838403,8.886392797501442,2456.2032733900805
2010-10-01,7749.471406832641,8366.778662538241,118.97323095628802,15923.978681011202
2010-11-01,3604.7345711616003,4069.414023736321,66.49645085199361,8246.715232988161
2010-12-01,6825.209534069761,7854.243739223041,114.02061448734722,16051.687659141122
2011-01-01,2370.6863966822402,2530.95974839296,56.06735625216001,5661.953476070401
2011-02-01,2784.6786938572805,3107.4907450060805,93.83636623656962,8463.339109416962
2011-03-01,17921.44903961088,20083.44027691008,422.8837870049281,39646.41691345921
2011-04-01,12898.040454190083,13836.460750248962,230.18764594636804,26697.122966937604
2011-05-01,10836.574022292481,12105.735086545921,216.26425247708164,22310.843429836805
2011-06-01,5890.753596533761,6603.488625254401,83.06463779297282,11506.267444193281
2011-07-01,4760.345080581121,5417.862258447361,69.22902654812161,8952.087881594882
2011-08-01,8141.942900597761,9799.327931627522,360.77927905935366,21419.429099120644
2011-09-01,18550.932539351044,20844.880281768965,521.7945321507841,42880.200794265606
2011-10-01,8085.309207413761,9402.608910873601,194.67832032,21852.110515046403
2011-11-01,5540.474204190721,6342.690468142081,171.60009034752002,15452.503185254402
2011-12-01,9031.37505205248,10450.615403243522,225.88348526438403,22588.348526438403
2012-01-01,5625.424743966721,6572.340094003201,141.24443080089603,13997.017270425602
2012-02-01,3513.2711566694406,4164.275459819521,82.99667736115201,8769.7273895424
2012-03-01,3589.7266424678405,4180.132893911041,69.81235358791682,7627.425798021121
2012-04-01,2394.7557162854405,2851.2232833484804,70.551423283968,5603.903940556801
2012-05-01,6446.046958202881,7043.249252828161,93.5900096712192,12829.513685437441
2012-06-01,2677.07467680768,3136.0907600640003,80.81061680424962,8079.929006561281
2012-07-01,1718.8325881344003,1969.7198489395203,36.276712169011205,3617.4771521280004
2012-08-01,1520.6146619904002,1741.4860654080003,27.337083699916803,3680.6237200281607
2012-09-01,2653.2885256704003,2975.2510714214404,115.44212018626563,6541.474731217921
2012-10-01,4288.303247892481,4946.103594224641,139.23110300820483,9975.458717429761
2012-11-01,3376.2176191641606,4077.342740782081,91.66446410296321,9473.117858887681
2012-12-01,5542.173214986241,6327.965707914241,126.90761137136641,13077.002924651522
2013-01-01,4211.564593628161,5003.020455874561,130.2829794851328,10218.134092723201
2013-02-01,3867.5149075353606,4621.0261953484805,137.8832211104256,11162.784095032323
2013-03-01,4552.216258129921,5413.331562992641,155.23295301734402,12236.275749335042
2013-04-01,3872.6119399219206,4499.83009193472,93.95812867691522,9506.814906332162
2013-05-01,3150.8155202918406,3533.0929492838404,95.61183251788802,7481.594038072321
2013-06-01,8209.336995486721,9628.577346677761,207.99006990289922,17679.056832783364
2013-07-01,4054.9724319744005,5097.315555025921,105.21124351257602,11061.126615767042
2013-08-01,2581.3637353267204,2993.9401901721603,100.19632998113282,6975.005652541441
2013-09-01,2134.5238961049604,2387.1101677056004,23.987200748083204,4714.471789102081
2013-10-01,1480.1215713638403,1673.8088020531202,18.592841472307203,3249.6413148979204
2013-11-01,2076.4743605913604,2267.3299066214404,23.675715435571203,3637.8652816742406
2013-12-01,4330.49534931456,4874.46197234688,63.39009278085121,9259.608835584002
2014-01-01,6915.540274698241,7767.311020185602,141.32938134067203,15537.453725030402
2014-02-01,2355.9616364544004,2995.9223694336006,60.19028911595521,6238.201304217601
2014-03-01,4152.6655527168,5017.462047636481,172.45525911459842,11734.218059258881
2014-04-01,8942.460153753602,10053.896382489602,175.30959725107203,19994.525378611204
2014-05-01,7827.342734960641,8763.21451482624,246.41319904358406,21566.110364467204
2014-06-01,4052.9902527129607,4313.222072893441,70.0870269998592,9094.804788418562
2014-07-01,4584.214294778881,5134.6937925273605,65.9131238121984,8845.899706874881
2014-08-01,1809.4464972288004,2077.3238659891203,18.241712574566403,4007.400129699841
2014-09-01,1430.5670898278402,1655.6860202342402,10.894340389340162,2799.4034540851203
2014-10-01,1816.8088773427203,2047.8743455334402,17.174167458048004,3631.6355754240003
2014-11-01,1624.8206574489602,1784.8108406937604,18.751415813222405,3211.6967404646407
2014-12-01,4028.9209331097604,4521.06772687872,73.10843453122561,9108.963211714561
2015-01-01,2557.8607526553606,2928.8114430105607,53.02046355886081,6264.819140014081
2015-02-01,1177.6976497612802,1521.1809989222402,33.088235242752006,3125.8966952908804
2015-03-01,2601.6385974865925,3497.1305541120005,137.77844877803523,10123.555825105921
2015-04-01,9936.3814691328,10393.698541593601,127.30971059297282,16619.157264844802
2015-05-01,1933.4742853017603,2234.48236457472,40.960318595328005,4876.1609831424
2015-06-01,3661.0850958796805,4095.748691066881,94.39420811443202,8909.04627477504
2015-07-01,5097.598723491841,5798.157508177921,116.00845711810561,12463.943195934722
2015-08-01,1799.2524324556803,2220.89027821056,31.426036347801606,4688.1371217715205
2015-09-01,1266.6125480601602,1669.8444435302404,28.464094194278406,3527.1464114995206
2015-10-01,1916.2010088806403,2444.0270293555204,43.582458589747205,4964.792712975361
2015-11-01,3199.2373279641606,3732.1603808256004,59.943932550604806,7093.936408227841
2015-12-01,3939.1565294131206,4615.645994496001,107.73427454392322,9589.783266846722
2016-01-01,4431.303323182081,5435.135534868481,113.93000057825282,11458.978310384642
2016-02-01,5971.4566093209605,6900.8155144704015,210.66318022118404,16787.359333601282
2016-03-01,4137.657624023041,4841.048093368321,97.17492244976641,10054.46271942144
2016-04-01,3114.2867881881607,3455.5047896217607,59.06894199091201,6581.118316446721
2016-05-01,3986.7288316876807,4447.443925739521,84.98451999191042,8331.94894123008
2016-06-01,1993.2228316108803,2128.0110213888,34.031186234265604,4529.56278085632
2016-07-01,1997.1871901337604,2156.8942049126404,25.564449103257605,4024.9565745868804
2016-08-01,2544.8350032230405,2811.0133611878405,25.337914330521603,4907.02634592768
2016-09-01,1560.5414156851202,1657.6681994956803,9.97206069583872,2560.9756057804802
2016-10-01,1569.3196381286402,1688.8167307468802,10.38208863449088,2849.24110408704
2016-11-01,1588.5750938112003,1657.9513679616002,16.038661909708804,2656.4033787955204
2016-12-01,3306.5581765478405,3436.8156708710408,47.12489609840641,5929.264507898881
2017-01-01,5061.636328320001,5283.923574067201,71.98708740618241,9286.226671380482
2017-02-01,5135.2601294592005,5253.907716679681,77.65045672458241,8211.602343214081
2017-03-01,6867.118467025921,7309.993947724801,146.5396811136,12848.485972654082
2017-04-01,12054.481594214401,13395.850617277441,220.75813603123203,23701.200597504005
2017-05-01,6567.243061616641,7141.508710502401,103.48674755512322,12198.614343367683
2017-06-01,4594.12519108608,5166.1254922444805,76.64804035522562,9046.38298074624
2017-07-01,2784.1123569254405,3040.0966501171206,59.67775419264001,7312.259295452161
2017-08-01,2375.21709213696,2699.7281540812805,44.545231373875204,6468.700435476481
2017-09-01,1659.3672102912003,1953.0129094502404,23.344408330444804,4136.80811862528
2017-10-01,2042.2109762150403,2462.1498111744004,50.95899712696321,4017.0278575411207
2017-11-01,2193.1397685504003,2622.9894998169602,49.73004598487041,5567.658376919041
2017-12-01,1656.5355256320004,1902.8920909824003,36.27104879969281,3755.9465319628807
2018-01-01,4792.626285696001,5688.004974935041,139.43781598832643,11231.027695319042
2018-02-01,7478.196016481281,8356.301429299201,174.06365600102404,17250.339775380482
2018-03-01,6394.227128939521,7406.271226137601,197.99139137126403,16687.117696665602
2018-04-01,8268.519204864002,9435.456452920322,167.83394975078403,17621.573634201603
2018-05-01,7174.356252549121,8020.7467971840015,184.50407733949442,18066.148125696003
2018-06-01,2185.77738843648,2556.72807879168,57.064109252198406,6243.298336604161
2018-07-01,3053.6887364812806,3604.1682342297604,53.017631874201605,8749.905596928002
2018-08-01,9162.765220239362,10441.837180800001,96.22347640427522,20747.7534979584
2018-09-01,8062.372561674241,9224.212777344,157.48414232140803,18146.567970017284
2018-10-01,8255.49345543168,9638.771411450882,233.98210338969602,19221.475466649605
2018-11-01,12933.436512430082,14808.011756820482,359.11424847974405,30941.818271078406
2018-12-01,10184.720213744642,11574.511044480001,246.95121912883204,24828.211091865604
2019-01-01,9116.042423362562,10740.863080811521,259.49558216908804,23638.903535001602
2019-02-01,6993.694771292161,8137.978542074881,142.77354051686402,16032.998540390403
2019-03-01,5431.454344811521,6446.046958202881,152.83168442634243,15523.295301734403
2019-04-01,11443.404044759041,12793.834458731522,140.98957918156802,21959.714532096004
2019-05-01,9358.151461724161,10537.264953815042,217.81318398566404,23953.220532172803
2019-06-01,5801.838698234881,6312.391442288641,91.70693937285121,13934.720207923203
2019-07-01,2584.4785884518406,2964.7738381824006,70.35320535782401,8769.161052610561
2019-08-01,1900.0604063232004,2275.5417921331205,27.979876117555204,5259.854254464
2019-09-01,1309.9373233459203,1573.8503335833602,12.932303838566401,2980.3481038080004
2019-10-01,2242.2411805409283,2652.1558518067204,38.907347217408,5291.569122647041
2019-11-01,3960.3941643571206,4701.729208135681,94.47632696954882,10333.666826818562
2019-12-01,4807.634214389761,5793.060475791361,130.01680112716804,11876.651797616641
2020-01-01,5145.737362698241,6147.021058191361,99.37514142996481,12248.735161835522
2020-02-01,5723.9673701068805,6597.542087470081,90.10986922506241,12547.194724915202
2020-03-01,5463.16921299456,6312.108273822721,88.11919490964482,11554.972420331522
2020-04-01,6877.029363333121,7998.659656842241,128.44521614131202,15642.226057420803
2020-05-01,7181.152295731201,7985.0675704780815,119.09782508129283,14882.201894891523
2020-06-01,2830.2688168704003,3200.0868333619205,38.193762683289606,6681.926290314241
2020-07-01,2579.6647245312006,3109.7560927334407,27.170014305024004,5940.591246535681
2020-08-01,4034.8674708940807,4467.548886819841,36.59386085084161,10622.498662056962
2020-09-01,1614.3434242099202,1996.0545162700803,40.13063499018241,4005.9842873702405
2020-10-01,1592.5394523340804,1922.4307151308803,37.259306745753605,4127.463559249921
2020-11-01,2417.9755304908804,2843.5777347686403,69.20920475550722,7161.613671582721
2020-12-01,7068.168077829121,8348.939049185281,265.7139616806912,19335.875526881282
2021-01-01,3985.596157824001,4975.5531146803205,103.53205450967042,10971.928549002241
2021-02-01,2108.1892287744004,2864.5322012467204,72.76296900280322,6862.870940037121
2021-03-01,6847.579842877441,8930.567078184962,224.21279131545603,19198.821989376003
2021-04-01,4421.675595340801,5208.600762132481,132.76070356193281,10787.869046154241
2021-05-01,6703.163925258241,7176.904768742401,112.24231652136962,11467.756532828162
2021-06-01,2901.3441018163203,3019.9916890368004,46.98331186544641,6934.795730380801
2021-07-01,7536.811888926721,7801.857573027841,63.01914209049601,11050.366214062082
2021-08-01,4387.41221096448,4894.850101893121,75.87499044326401,11934.134996198401
2021-09-01,9764.498210319362,11101.053369461762,246.88609038167044,25890.092839065604
2021-10-01,9482.745586728961,10717.360098140161,196.14230128880644,16534.2067250688
2021-11-01,7714.075348592642,8682.22833357312,120.92709337113602,14662.463165337602
2021-12-01,4569.48953455104,5169.240345369601,68.2605903946752,8192.63005599744
2022-01-01,3397.4552541081607,3864.6832228761605,59.006644928409614,7282.243438064641
2022-02-01,4660.386612111361,5725.100043970561,148.51902869038082,12179.358887685123
2022-03-01,7197.859235220481,8239.919189806082,130.2574943232,13852.601352806401
2022-04-01,14581.760152550403,16054.802512266242,329.29660901836803,27439.024347648003
2022-05-01,4053.5565896448006,4908.159019791361,134.83066504780803,12776.844350776322
2022-06-01,4108.208103567361,4602.620245063681,70.30789840327681,9462.357457182721
2022-07-01,2001.1515486566402,2464.6983273676806,22.560031679846404,4299.346818063361
2022-08-01,1226.4026258995202,1588.2919253452803,12.969115739136,2886.9025100544004
2022-09-01,3005.2669288089605,3542.4375086592004,22.647247567349762,5049.176915819521
2022-10-01,2139.9040969574403,3110.3224296652807,97.60250683330561,6560.447018434561
2022-11-01,2864.2490327808005,3539.3226555340807,76.80378301148161,6834.270924979201
2022-12-01,5866.401108464641,6926.017507937281,145.06720509081603,14416.106599987203
2023-01-01,6478.328163317761,7578.437653416961,158.29117244928003,15953.711369932802
2023-02-01,3580.6652515584005,4196.556664934401,76.48663432965121,8169.127073326081
2023-03-01,6281.2429110374405,7176.621600276481,129.74212771522562,12458.279826616323
2023-04-01,4948.652110417921,5712.074294538241,117.41863607838722,9639.33774838272
2023-05-01,6914.973937766401,7720.588223308801,152.88265475020802,14356.924390609922
2023-06-01,1664.7474111436802,1928.9435898470404,61.141735161446405,4724.099516943361
2023-07-01,4679.925236259841,5236.068103326721,124.99056085708803,12780.525540833281
2023-08-01,5761.345607608321,6096.617071257601,43.463527834060805,10078.532039024642
2023-09-01,4879.27583626752,5343.105783444481,64.4717963206656,10469.304521994241
2023-10-01,3700.7286811084805,4303.87751351808,59.70040766991361,8526.202508851202
2023-11-01,3225.8551637606406,3788.5109055436806,72.50245401415681,7727.667434956801
2023-12-01,11309.465360378881,12881.899851632643,312.27818421657605,27586.271949926406
2024-01-01,12247.036151040002,14057.615322132482,311.23046089267206,30774.748876185604
2024-02-01,5131.57893940224,6117.8547062016005,116.60594258119681,12484.897662412803
2024-03-01,11823.982462955522,13398.399133470723,271.87004412979206,26210.073205555203
2024-04-01,9692.007083043842,11218.851451284481,230.48780452024323,23047.081441228802
2024-05-01,4372.1211138048,5129.030423208961,71.5821564999168,9887.676492994562
2024-06-01,2087.80109922816,2469.2290228224006,31.140036197222404,5189.062137984
2024-07-01,2320.2824097484804,2625.5380160102404,31.981046541004805,4556.1806166528
2024-08-01,5114.0224945152,5491.769228052481,83.40443995207681,9636.2228952576
2024-09-01,1921.5812097331204,2246.9417770752,24.004190856038402,3885.3545208883206
2024-10-01,1585.4602406860802,1905.4406071756803,14.169750034636802,3142.8868032460805
2024-11-01,1741.7692338739203,2096.29615320576,26.731103182848006,3097.0135117670407
2024-12-01,5037.2838402508805,5869.799130055681,80.55010181560321,8615.11740715008
2025-01-01,3014.8946566502404,3877.9921407744005,60.33753671823361,7033.904693452801
2025-02-01,1513.2522818764803,2068.8288120115203,46.24141048473601,4432.71916551168
2025-03-01,5915.389253068801,6846.447169013761,106.18534303534082,11564.883316638721
2025-04-01,3672.6950029824006,4383.73102090752,106.12021428817921,9144.076101488641
2025-05-01,816.3746872473602,871.0262011699201,23.769161029324803,1174.5827966361603
